operation,gasUsed,costEth,costUsd
"joinDAO  (member 1)","181268","0.00018714833392","$0.4938"
"joinDAO  (member 2)","149753","0.00015461098732","$0.4079"
"joinDAO  (member 3)","149753","0.00015461098732","$0.4079"
"joinDAO  (member 4)","149753","0.00015461098732","$0.4079"
"joinDAO  (member 5)","149753","0.00015461098732","$0.4079"
"joinDAO  (member 6)","149753","0.00015461098732","$0.4079"
"joinDAO  (member 7)","149753","0.00015461098732","$0.4079"
"joinDAO  (member 8)","149753","0.00015461098732","$0.4079"
"joinDAO  (member 9)","149753","0.00015461098732","$0.4079"
"joinDAO  (member 10)","149753","0.00015461098732","$0.4079"
"delegate (member 1)","98118","0.00010130094792","$0.2673"
"delegate (member 2)","98118","0.00010130094792","$0.2673"
"delegate (member 3)","98118","0.00010130094792","$0.2673"
"delegate (member 4)","98118","0.00010130094792","$0.2673"
"delegate (member 5)","98118","0.00010130094792","$0.2673"
"delegate (member 6)","98118","0.00010130094792","$0.2673"
"delegate (member 7)","98118","0.00010130094792","$0.2673"
"delegate (member 8)","98118","0.00010130094792","$0.2673"
"delegate (member 9)","98106","0.00010128855864","$0.2672"
"delegate (member 10)","98118","0.00010130094792","$0.2673"
"registerDID (member 1)","87578","0.00009041903032","$0.2386"
"registerDID (member 2)","87428","0.00009026416432","$0.2382"
"registerDID (member 3)","87578","0.00009041903032","$0.2386"
"registerDID (member 4)","87803","0.00009065132932","$0.2392"
"registerDID (member 5)","87728","0.00009057389632","$0.2390"
"registerDID (member 6)","87653","0.00009049646332","$0.2388"
"registerDID (member 7)","88328","0.00009119336032","$0.2406"
"registerDID (member 8)","87428","0.00009026416432","$0.2382"
"registerDID (member 9)","87653","0.00009049646332","$0.2388"
"registerDID (member 10)","87428","0.00009026416432","$0.2382"
"upgradeSkillWithVC  (member 1)","455357","0.00047012878108","$1.24"
"upgradeSkillWithVC  (member 2)","398300","0.000411220852","$1.08"
"upgradeSkillWithVC  (member 3)","397881","0.00041078825964","$1.08"
"upgradeSkillWithVC  (member 4)","397585","0.0004104826574","$1.08"
"upgradeSkillWithVC  (member 5)","397739","0.00041064165316","$1.08"
"upgradeSkillWithVC  (member 6)","398294","0.00041121465736","$1.08"
"upgradeSkillWithVC  (member 7)","397144","0.00041002735136","$1.08"
"upgradeSkillWithVC  (member 8)","398108","0.00041102262352","$1.08"
"upgradeSkillWithVC  (member 9)","397595","0.0004104929818","$1.08"
"upgradeSkillWithVC  (member 10)","398133","0.00041104843452","$1.08"
"proposeWithTopic   (topicId stored + ProposalCreated)","96590","0.0000997233796","$0.2631"
"castVote For     (member 1)","129301","0.00013349552444","$0.3522"
"castVote For     (member 2)","112201","0.00011584080044","$0.3056"
"castVote For     (member 3)","112201","0.00011584080044","$0.3056"
"castVote For     (member 4)","112201","0.00011584080044","$0.3056"
"castVote For     (member 5)","112201","0.00011584080044","$0.3056"
"castVote For     (member 6)","112201","0.00011584080044","$0.3056"
"castVote Against (member 7)","129257","0.00013345009708","$0.3521"
"castVote Against (member 8)","112157","0.00011579537308","$0.3055"
"castVote Against (member 9)","112157","0.00011579537308","$0.3055"
"castVote Against (member 10)","112157","0.00011579537308","$0.3055"
"queue","174653","0.00018031874332","$0.4758"
"execute            (Timelock → Treasury.investStartup)","217515","0.0002245711866","$0.5925"
